INDEX_DATE,ITEM_ID,ITEM_DESC,INDEX_ALGORITHM,STRATUM_IND,ITEM_INDEX,ALL_GM_INDEX,GM_RA_INDEX,COICOP_WEIGHT,ITEM_WEIGHT,CPIH_COICOP_WEIGHT
201703,410701,DWELLING INSURANCE,2,0,102.038,101.619,101.619,0,3.84,0
201703,310102,DRAUGHT BITTER (PER PINT),1,1,100.859,100.857,100.859,4.4,4.18,3.5
201703,210201,FLOUR-SELF-RAISING-1.5KG,1,1,102.536,102.492,102.536,0.3,0.12,0.24
201703,210302,PLAIN BISCUITS-200-300G,1,1,101.85,102.236,101.85,1.35,1.62,1.08
201703,211501,CHEDDAR-HOME PRODUCED PER KG,1,1,102.845,103.335,102.845,1.8,1.59,1.35
201703,610101,3-YEAR-OLD SECOND-HAND CAR,1,0,99.842,99.842,99.842,9,12.42,7
201703,440250,PACKAGED CURRENT ACCOUNTS,1,2,100,100,100,1.26,0.22,0.99
201703,213006,COFFEE PODS PACK 8-16,1,1,105.787,105.206,105.787,0.24,0.26,0.24
201703,212712,KIWI FRUIT-EACH,1,1,103.221,102.233,103.221,0.18,0.21,0.14
201703,630229,PRE-RECORDED DVD (NON-FILM),2,2,96.422,94.231,94.231,0.32,0.16,0.32
201703,520241,RAZOR CARTRIDGE BLADES,1,1,101.044,101.116,101.044,0.72,0.45,0.57
201703,212107,HONEY JAR/BOTTLE 340G,1,1,96.863,96.893,96.863,0.26,0.16,0.2
201703,440236,UNIT TRUSTS COMM-INITIAL CHG,1,0,100.196,100.196,100.196,1.12,0,0.88
201703,640228,LEISURE CLASSES,1,0,100,100,100,3.9,4,3.12
201703,430140,SOFA BED,2,1,107.607,106.427,106.427,0.72,1.04,0.6
201703,430531,FABRIC CONDITIONER 500ML-1.5LT,1,1,100.438,98.315,100.438,0.4,0.44,0.32
201703,630309,BOXED BOARD GAME: NOT TRAVEL,2,1,105.11,103.578,103.578,1.26,0.18,0.96
201703,410401,E & W SEWERAGE CHARGE,2,0,100,100,100,5.4,6.11,4.5
201703,520206,TAMPONS-PACK OF 10-20,1,1,103.196,103.102,103.196,1.68,0.9,1.33
201703,630525,PLANT FOOD 800ML-2LT/500G-1.5K,1,1,101.052,101.06,101.052,0.25,0.3,0.2
201703,310401,WHISKY-70 CL BOTTLE,1,1,99.694,99.632,99.694,2.16,1.82,1.8
201703,510506,WOMEN'S SANDALS,2,1,122.931,114.693,114.693,0.88,0.48,0.72
201703,640226,PRIVATE HEALTH CLUB ANNUAL FEE,2,2,99.351,99.195,99.195,2.1,2.24,1.68
201703,420405,KEROSENE - 1000L DELIVERED,2,1,93.687,93.507,93.507,1,1.6,1
201703,410508,PLUMBER-DAYTIME HOURLY RATE,2,1,100.188,100.176,100.176,0.35,3.06,0.35
201703,211011,INDIVIDUAL MEAT PIE,1,1,99.317,99.64,99.317,0.8,0.66,0.64
201703,430101,DOUBLE WARDROBE,2,1,107.558,106.169,106.169,1.08,1.56,0.9
201703,212719,BANANAS-PER KG,1,1,99.993,99.988,99.993,0.9,0.84,0.7
201703,320124,E-CIG REFILL BOTTL/CART 2-10ML,1,1,101.14,101.08,101.14,0.23,0.2,0.18
201703,630155,DVD PLAYER,2,1,108.568,108.001,108.001,0.08,0.06,0.06
201703,211816,POWDERED BABY FORMULA 400-900G,1,1,100.81,100.81,100.81,0.48,0.44,0.36
201703,630228,PRE-RECORDED DVD (FILM),2,2,97.291,96.625,96.625,0.84,0.4,0.84
201703,620317,CHILDS BICYCLE,2,1,109.361,107.3,107.3,0.99,0.51,0.66
201703,430422,PLAIN GLASS TUMBLER,1,1,104.405,103.041,104.405,0.54,0.36,0.36
201703,640127,DVD RENT/VID ON DEM SUBS SERVS,2,0,100,100,100,0.22,0.12,0.18
201703,212918,FRZN READY-COOKD MEAL SERVES 1,1,1,102.12,102.233,102.12,0.18,0.55,0.12
201703,213005,HOT CHOCOLATE DRINK INSTANT,1,1,95.805,96.105,95.805,0.27,0.2,0.27
201703,212722,GRAPES-PER KG,1,1,101.986,102.664,101.986,0.9,0.84,0.7
201703,620315,CAR PARK CHARGES,2,1,100.385,100.356,100.356,0.84,0.85,0.66
201703,510238,WOMEN'S SKIRT: WORK/FORMAL,2,1,107.107,99.747,99.747,1.65,0.9,1.32
201703,430407,"SMALL SAUCEPAN,MILK",2,1,104.465,103.478,103.478,0.84,0.6,0.56
201703,440406,SUBSCRIPTION TO INTERNET,1,0,100,100,100,0.72,0.78,0.6
201703,212725,SMALL TYPE ORANGES PER PACK/KG,1,1,111.314,112.331,111.314,0.27,0.21,0.21
201703,520319,LA SUPPORTED RES IN RET HOMES,1,0,100.251,100.251,100.251,0.96,0,0.78
201703,310315,BOTTLE OF WINE 70-75CL,1,1,100.422,100.399,100.422,3.52,3.8,2.8
201703,430135,3 PIECE NON-LEATHER SUITE,2,1,112.476,110.784,110.784,0.9,1.3,0.75
201703,610227,"CAR MOT TEST FEE, VAT EXEMPT",2,1,99.876,99.724,99.724,0.98,0.8,0.77
201703,430356,DISH WASHER 12-15 PLACE SET,2,1,101.006,100.6,100.6,0.21,0.18,0.18
201703,430228,BATH SHEET,2,1,107.834,106.151,106.151,1.19,0.6,1.02
201703,210111,WHITE SLICED LOAF BRANDED 750G,1,1,102.14,102.185,102.14,0.9,1.16,0.72
201703,630373,JIGSAW MINIMUM 100 PIECES,2,1,101.123,100.407,100.407,0.63,0.18,0.48
201703,610207,MOTOR-CAR SPARE PARTS,2,0,100,100,100,1.2,0.8,0.96
201703,211808,CHILLED POT DESSERT 125-200G,1,1,99.848,98.933,99.848,0.72,0.8,0.54
201703,510130,MENS 3/4 TO FULL LENGTH COAT,2,1,103.594,96.973,96.973,1.1,0.48,0.88
201703,510109,MEN'S FORMAL SHIRT-LONG SLEEVE,2,1,108.091,105.98,105.98,1.1,0.56,0.88
201703,630348,WATERSPORTS EQUIPMENT,2,0,100,100,100,1.2,0.27,1.04
201703,211105,FRESH FISH-SALMON FILLETS-KG,1,1,108.402,109.777,108.402,0.8,0.88,0.6
201703,440301,POSTAGE CHARGES,1,0,100,100,100,1,1,1
201703,212226,CHOCOLATE 12,1,1,100.508,100.948,100.508,0.39,1.1,0.3
201703,410621,VARNISH-CLEAR GLOSS-750ML-1LTR,1,1,101.248,101.327,101.248,0.05,0.18,0.05
201703,220117,BOTTLED MINERAL WATER,1,1,100.302,100.198,100.302,0.88,1.16,0.7
201703,430505,ALUMINIUM COOKING FOIL 300MM,1,1,99.869,99.912,99.869,0.2,0.44,0.16
201703,212937,CHILLED READY MEAL-FISH/VEG,1,1,101.642,101.746,101.642,0.42,1.32,0.28
201703,630233,BLU RAY DISC (FILM) FROM CHART,2,2,102.994,100.274,100.274,0.28,0.14,0.28
201703,610239,EXHAUST FITTING FAST FIT CENT,2,1,100.977,100.934,100.934,2,0.96,1.6
201703,310112,BOTTLE OF LAGER IN NIGHTCLUB,1,1,101.181,101.114,101.181,1.76,1.14,1.4
201703,220128,RESTAURANT MAIN COURSE,1,1,100.823,100.811,100.823,5.28,4.93,4.2
201703,630345,GOLF BALLS PRICE PER BALL,1,1,102.027,101.771,102.027,0.48,0.27,0.48
201703,320108,CIGARETTES 8,1,1,102.36,102.348,102.36,3.22,3.2,2.52
201703,630127,PERSONAL COMPUTERS (CPI),2,0,104.609,104.376,104.376,0.42,0.24,0.3
201703,510128,MEN'S BRANDED SPORT SWEATSHIRT,2,1,101.584,100.904,100.904,0.55,0.4,0.44
201703,610221,WINDSCREEN WIPER BLADES,2,1,98.707,98.196,98.196,1,0.64,0.8
201703,211023,COOKED HAM PREPACKED SLICED,1,1,101.587,100.808,101.587,2.4,1.14,1.92
201703,440240,BASIC WILL FOR A SINGLE PERSON,2,2,100.981,100.895,100.895,1.08,0.22,0.9
201703,220212,STAFF RESTAURANT SANDWICH,1,1,99.812,99.812,99.812,1.6,0.45,1.4
201703,430138,HOME OFFICE DESK,2,1,105.561,104.815,104.815,0.36,0.52,0.3
201703,430227,LAMINATE FLOORING PER SQ M,2,2,107.025,105.409,105.409,0.32,0.7,0.24
201703,640303,FOREIGN HOLIDAYS-INSURANCE,2,0,100,100,100,0.28,0.8,0.21
201703,520245,ANTIHISTAMINE ALLERGY TABLETS,1,1,100.818,100.773,100.818,0.91,0.3,0.78
201703,212910,CANNED SOUP-390-425G,1,1,115.356,115.895,115.356,0.36,0.66,0.24
201703,620302,TAXI FARES,2,0,100,100,100,1.8,1.19,1.5
201703,212940,PROTEIN POWDER 900G-2KG,1,1,97.531,97.806,97.531,0.12,0.22,0.08
201703,430419,STAINLESS STEEL CUTLERY SET,2,1,104.061,103.414,103.414,0.3,0.2,0.2
201703,510117,MEN'S FORMAL RDY-MADE TROUSERS,2,1,112.363,106.764,106.764,0.55,0.24,0.44
201703,520131,GENT'S WATCH- ANALOGUE FACE,2,1,106.704,105.086,105.086,1.8,0.54,1.4
201703,212717,APPLES-DESSERT-PER KG,1,1,102.911,103.381,102.911,0.81,0.77,0.63
201703,410115,PRIVATE RENTED PROPERTY,2,0,100.241,100.126,100.126,41.18,51.24,32.48
201703,220214,STAFF RESTAURANT MAIN COURSE,1,1,100.439,100.272,100.439,1.6,0.45,1.4
201703,420101,COAL-HOUSEHOLD BEST QUAL 50KG,1,1,100.731,100.73,100.731,0.69,0.69,0.69
201703,630225,MUSIC DOWNLOADS,1,0,102.509,104.123,104.123,0.68,0.34,0.68
201703,630365,CRAFT KIT FOR CHILD 5 YRS+,2,1,103.961,103.192,103.192,1.26,0.36,0.96
201703,220325,VENDING MACHINE - SOFT DRINK,1,1,100.362,100.433,100.362,0.88,0.32,0.7
201703,510120,MEN'S JUMPER OR SWEATSHIRT,2,1,104.154,100.557,100.557,1.1,0.48,0.88
201703,212533,VEGETABLE STIR FRY FRESH PACK,1,1,100.836,101.195,100.836,0.39,0.42,0.3
201703,510257,WOMENS BLOUSE / SHIRT 2,2,1,113.1,107.773,107.773,0.55,0.45,0.44
201703,420103,SMOKELESS FUEL 50KG,1,1,100.044,100.044,100.044,0.31,0.31,0.31
201703,630518,CUT FLOWERS-CARNATIONS-STEM,1,1,101.926,101.822,101.926,1.85,1.74,1.48
201703,220323,KEBAB- TAKEAWAY,1,1,100.438,100.47,100.438,1.76,1.28,1.4
201703,440113,WINDOW-CLEAN 3-BED SEMI,2,1,100.377,100.359,100.359,0.96,0.9,0.72
201703,210321,PACK OF 5-6 INDIVIDUAL CAKES,1,1,101.746,100.853,101.746,0.9,0.96,0.72
201703,440116,WASHING MACHINE REPAIR,2,1,100.537,100.491,100.491,0.5,0.15,0.5
201703,210808,BACON-BACK-PER KG,1,1,96.707,97.609,96.707,1.6,0.76,1.28
201703,210114,CHILLED GARLIC BREAD,1,1,101.169,100.523,101.169,0.75,0.88,0.6
201703,510340,GIRLS FASHION TOP 12-13 YEARS,2,1,101.002,98.628,98.628,1.1,0.5,0.88
201703,430235,FLOOR RUG STATE SIZE & MATERIA,2,2,102.65,101.607,101.607,0.92,1.5,0.69
201703,610110,CARAVANS,1,0,100,100,100,7.8,1.84,6.76
201703,212518,FRESH VEG-CARROTS-PER KG,1,1,102.642,103.047,102.642,0.39,0.42,0.3
201703,212807,CANNED FRUIT-400-450G,1,1,100.407,100.437,100.407,0.36,0.32,0.28
201703,212729,BLUEBERRIES PUNNET PER KG,1,1,101.538,103.307,101.538,0.54,0.49,0.42
201703,520324,RESIDENTIAL HOME,2,1,100.698,100.658,100.658,3.52,0.14,2.86
201703,440105,DRIVING LESSON 1 HOUR,1,1,100.442,100.417,100.442,0.7,0.9,0.55
201703,430216,DUVET COVER,2,1,103.446,101.699,101.699,1.19,0.5,1.02
201703,430361,WASHING MACH NO DRYER MAX 1800,2,1,103.023,102.482,102.482,1.47,0.96,1.26
201703,310429,GIN BOTTLE 70CL-1LTR,1,1,98.229,98.911,98.229,0.6,0.56,0.5
201703,630407,SUNDAY NEWSPAPERS,1,0,100,100,100,0.44,0.42,0.33
201703,630359,DIGITAL DEVELOPMENT PER PRINT,2,2,105.297,104.528,104.528,0.88,0.36,0.72
201703,510208,WOMEN'S FORMAL JACKET,2,1,123.689,111.607,111.607,1.1,0.75,0.88
201703,630507,HOUSEPLANT,1,1,101.262,100.187,101.262,0.4,0.36,0.32
201703,610102,2-YEAR-OLD SECOND-HAND CAR,1,0,100.77,100.77,100.77,9,12.42,7
201703,430518,REFUSE SACK FROM PACK OF 10-20,1,1,100.189,100.156,100.189,0.3,0.44,0.24
201703,212015,FIZZY ENERGY DRINK 250-500ML,1,1,96.562,96.237,96.562,1.17,0.96,0.91
201703,520109,LADIES HAND/SHLDER BAG,2,1,104.297,102.697,102.697,1.65,0.72,1.32
201703,510118,MEN'S CASUAL TROUSERS,2,1,104.966,102.434,102.434,1.1,0.56,0.88
201703,212224,"SWEETS, NOT CHOC, 150-250G BAG",1,1,100.673,100.429,100.673,0.78,1.21,0.6
201703,212939,CHILLED PIZZA EACH 300-600G,1,1,102.529,103.273,102.529,0.9,1.32,0.72
201703,310427,RUM WHITE EG BACARDI 70CL BOTT,1,1,103.545,103.757,103.545,0.6,0.56,0.5
201703,640305,FOREIGN HOLIDAYS-SELF CATERING,2,0,100.308,100.25,100.25,10.15,12,8.12
201703,640124,TV LICENCE,1,0,100,100,100,4.18,6.84,3.42
201703,430413,GAS FIRE,2,2,101.362,101.311,101.311,0.63,0.2,0.54
201703,610212,CAR BATTERY,2,1,101.031,100.939,100.939,0.95,0.64,0.76
201703,510219,WOMEN'S CASUAL OUTER JACKET,2,1,111.603,103.42,103.42,1.65,1.05,1.32
201703,430357,SMART PHONE HANDSETS,2,0,95.103,94.16,94.16,0.24,0.78,0.2
201703,520139,DAILY DISPOSABLE SOFT LENSES,2,1,100.593,100.564,100.564,1.75,1.17,1.4
201703,510533,WOMENS SHOE,2,1,105.8,102.695,102.695,1.54,0.8,1.26
201703,430409,SCISSORS - HOUSEHOLD,2,1,102.155,101.86,101.86,0.84,0.6,0.56
201703,440208,HOUSE CONTENTS INSURANCE,2,0,99.888,99.38,99.38,1.5,3.3,1.5
201703,430617,ANIMAL CAGE (E.G FOR GERBIL),2,1,100.712,100.397,100.397,0.4,0.72,0.35
201703,211407,MARGARINE/LOW FAT SPREAD-500G,1,1,109.175,110.453,109.175,0.76,0.52,0.76
201703,520325,NURSING HOME,2,1,100.629,100.606,100.606,3.2,0.14,2.4
201703,220111,BURGER IN BUN-EAT IN,1,1,100.474,100.389,100.474,4.4,4.93,3.5
201703,430234,CARPET TUFTED MIN 80% WOOL FIB,2,2,101.693,101.04,101.04,0.92,1.5,0.69
201703,510245,WOMENS DRESS -CASUAL/FORMAL,2,1,123.756,113.341,113.341,1.65,0.9,1.32
201703,640309,FOREIGN HOLIDAYS-COACH HOLIDAY,2,0,100.905,100.885,100.885,0.7,0.8,0.56
201703,430513,DRYCELL BATTERY-PACK OF 4,1,1,101.214,100.857,101.214,0.85,0.55,0.68
201703,520323,FULL LEG WAX (BOTH LEGS),2,1,99.918,99.915,99.915,0.64,0.56,0.48
201703,212730,FRUIT FRESH SNACKING 150-350G,1,1,100.781,100.778,100.781,0.18,0.21,0.14
201703,630438,EBOOKS,1,2,119.84,114.786,114.786,0.27,0.3,0.27
201703,310220,SPEC'Y BEER BOTT 500ML 4-5.5,1,1,98.163,97.832,98.163,0.25,0.2,0.2
201703,520251,COUGH LIQUID BOTTLE 150-200MLS,1,1,101.576,101.681,101.576,0.84,0.3,0.72
201703,210319,DOUGHNUT-EACH,1,1,101.874,102.144,101.874,0.75,0.84,0.6
201703,440104,DRY CLEANING-MAN'S SUIT,1,1,100.296,100.286,100.296,0.83,0.45,0.83
201703,212534,SWEET POTATO PER KG,1,1,101.069,101.256,101.069,0.26,0.42,0.2
201703,210106,SIX BREAD ROLLS-WHITE/BROWN,1,1,99.375,99.248,99.375,0.6,0.68,0.48
201703,212222,CHOCOLATE 10,1,1,100.723,100.662,100.723,1.69,1.32,1.3
201703,510131,MENS CASUAL SHIRT,2,1,107.253,103.064,103.064,0.55,0.4,0.44
201703,520327,NHS DENTAL CHARGES,1,0,100,100,100,1.5,1.54,1
201703,440251,OPEN UNIVERSITY FEES,1,0,100,100,100,0,0,0
201703,520246,LIP GLOSS,2,1,98.794,98.502,98.502,0.96,0.6,0.76
201703,510501,MENS SHOE FORMAL STYLE,2,1,103.423,101.53,101.53,0.44,0.4,0.36
201703,212202,MINTS,1,1,100.354,100.366,100.354,0.13,0.11,0.1
201703,211709,SHOP MILK-WHOLE MILK-4PT/2LTR,1,1,99.318,99.537,99.318,0.72,0.48,0.54
201703,510535,CANVAS FASHION ADULT SHOE/TRAI,2,1,107.861,104.013,104.013,0.66,0.64,0.54
201703,220305,TEA -TAKE-AWAY,1,1,100.39,100.299,100.39,0.88,0.32,0.7
201703,440257,HOUSEHLD SERVICES MAINT POLICY,2,0,100,100,100,0.5,1.1,0.5
201703,210905,FRESH/CHILLED CHICKEN  PER KG,1,1,101.957,102.047,101.957,0.6,0.54,0.48
201703,630505,GARDEN SPADE,2,1,104.259,102.165,102.165,0.5,0.6,0.4
201703,212001,"FRUIT SQUASH, 750ML - 1.5LT",1,1,94.686,94.741,94.686,0.99,0.8,0.77
201703,210215,CEREAL BAR,1,1,123.903,128.387,123.903,0.45,0.3,0.36
201703,640211,HISTORIC MONUMENTS - ADMISSION,1,0,100,100,100,0.66,0.16,0.54
201703,620313,ROAD TOLLS,1,0,100,100,100,0.7,0.68,0.55
201703,510344,GIRLS TROUSERS NOT DENIM 5-13,2,1,104.907,102.095,102.095,1.1,0.5,0.88
201703,430211,DUVET-DOUBLE TOG 10-13.5,2,1,103.189,102.1,102.1,1.12,0.5,0.96
201703,210802,BACON-GAMMON-PER KG,1,1,99.21,99.157,99.21,0.6,0.24,0.48
201703,320125,CIGARETTES 21,1,1,106.497,106.497,106.497,4.6,4.6,3.6
201703,310421,RED WINE- EUROPEAN 75CL,1,1,98.056,97.876,98.056,1.08,1.12,0.84
201703,310109,LAGER - PINT 3.4-4.2%,1,1,101.12,101.189,101.12,5.28,5.13,4.2
201703,430127,CHEST OF DRAWERS,2,1,110.581,109.264,109.264,0.9,1.3,0.75
201703,510433,MENS BASE LAYER TOP LONG/SHORT,2,1,105.984,100.936,100.936,0.55,0.25,0.44
201703,510330,BABYGRO OR SLEEPSUIT,2,1,102.98,101.197,101.197,0.55,0.45,0.44
201703,213001,COFFEE: GROUND: FILTER FINE,1,1,100.71,100.785,100.71,0.27,0.3,0.27
201703,410629,WALLPAPER PER ROLL,1,1,102.74,102.183,102.74,0.13,0.48,0.13
201703,220321,TAKEAWAY COFFEE LATTE,1,1,101.052,101.013,101.052,0.88,0.32,0.7
201703,212709,ORANGES-CLASS 1-EACH,1,1,103.732,104.075,103.732,0.27,0.28,0.21
201703,510534,WALKING/HIKING BOOT,2,1,106.591,104.359,104.359,0.88,0.88,0.72
201703,220125,FRUIT JUICE BOTTLE 250-350ML,1,1,100.934,100.917,100.934,0.88,1.16,0.7
201703,440131,WATCH BATTERY REPLACEMENT,2,1,100.13,100.007,100.007,0.63,0.15,0.49
201703,211509,HARD REGIONAL CHEESE PER KG,1,1,102.341,102.857,102.341,0.24,0.24,0.18
201703,630408,NATIONAL DAILY NEWSPAPERS,1,0,100.792,100.792,100.792,1.44,1.38,1.08
201703,440231,PASSPORT FEES,1,0,100,100,100,0.24,0.22,0.2
201703,630234,COMPUTER SOFTWARE,2,0,110.24,104.493,104.493,1.12,0.22,0.8
201703,211207,"CANNED FISH, TUNA, 130G-200G",1,1,111.325,110.98,111.325,0.92,0.96,0.69
201703,440126,WEEKLY NANNY FEES,2,1,100.401,100.272,100.272,5.28,2.4,3.96
201703,640403,YOUTH HOSTEL ASSOCIATION,1,0,100.562,100.562,100.562,0.9,0.11,0.72
201703,420404,BUTANE GAS,1,0,100,100,100,0.3,0.4,0.24
201703,410108,RSL RENTS,1,2,100,100,100,17.04,21,13.44
201703,630232,INTERNET BLU-RAY DISC,1,0,95.256,95.563,95.563,0.12,0.06,0.12
201703,310419,WHITE WINE- EUROPEAN 75CL,1,1,101.591,100.985,101.591,1.26,1.4,0.98
201703,630435,BOOK - FICTION - HARD COVER,2,2,108.369,103.275,103.275,0.3,0.18,0.3
201703,220320,TAKEAWAY SOFT DRINK,1,1,100.108,100.113,100.108,0.88,0.32,0.7
201703,520248,CONDITIONER FOR HAIR,1,1,99.116,99.466,99.116,0.48,0.3,0.38
201703,310302,VODKA (PER NIP) SPECIFY ML,1,1,101.395,101.365,101.395,3.52,4.94,2.8
201703,410625,SCREWDRIVER,2,1,102.745,102.511,102.511,0.4,0.3,0.32
201703,320115,CIGARETTES 15,1,1,101.044,101.015,101.044,7.13,7,5.58
201703,520136,PHOTO FRAME,2,1,108.212,105.739,105.739,0.9,0.63,0.72
201703,440202,ESTATE AGENT FEES (PERCENTAGE),1,0,97.916,97.916,97.916,0,2.2,0
201703,210212,BASMATI RICE 500G-1KG,1,1,108.131,106.503,108.131,0.3,0.45,0.24
201703,640407,CPI ACCOMODATION SERVICE PROXY,1,0,100.47,100.47,100.47,16.2,0,12.96
201703,430351,ELECTRIC HAIR STYLING APP,2,1,104.175,101.724,101.724,0.72,0.3,0.57
201703,220326,TAKEAWAY CHICKEN & CHIPS,1,1,100.732,100.97,100.732,1.76,1.28,1.4
201703,410112,IMPUTED RENTS - WALES,1,0,100.038,100.038,100.038,0,0,5.22
201703,520123,EARRINGS- FASHION,2,1,107.171,103.955,103.955,0.63,0.18,0.49
201703,220316,PIZZA TAKEAWAY OR DELIVERED,1,1,101.684,101.689,101.684,1.76,1.28,1.4
201703,510432,LADY'S SCARF,2,1,101.552,95.995,95.995,1.65,0.55,1.32
201703,510236,WOMEN'S TROUSERS-FORMAL,2,1,106.216,102.194,102.194,2.2,1.2,1.76
201703,210406,HOME KLD BEEF-RUMP/POPES STEAK,1,1,102.524,102.314,102.524,1,1.48,0.8
201703,520330,SELF PAY OPERATIONS,1,0,100,100,100,1.6,0.42,1.2
201703,630333,COMPUTER GAMES CONSOLE,1,0,104.106,104.106,104.106,2.73,0.54,2.08
201703,310217,LAGER 12-24 BOTTLE (250-300ML),1,1,104.952,104.58,104.952,1,0.8,0.8
201703,610232,CAR SERVICE- MAIN DEALER,2,1,100.679,100.575,100.575,2.25,0.96,1.8
201703,610409,VEHICLE EXCISE DUTY,1,0,100,100,100,7,6,5.5
201703,630425,BOOK-NON-FICTION-HARD-COVER,2,2,116.944,113.331,113.331,0.66,0.36,0.66
201703,640304,FOREIGN HOLIDAYS-LATE BOOKING,2,0,99.019,98.789,98.789,5.6,6.8,4.48
201703,211027,H K LIVER PER KG STATE TYPE,1,1,101.235,100.976,101.235,0.2,0.06,0.16
201703,220303,SANDWICH-TAKE-AWAY (COLD),1,1,101.001,100.855,101.001,3.52,2.56,2.8
201703,212718,PEARS-DESSERT-PER KG,1,1,105.377,107.411,105.377,0.27,0.28,0.21
201703,210113,WHOLEMEAL SLICED LOAF BRANDED,1,1,101.676,101.897,101.676,0.75,0.84,0.6
201703,520209,TOOTHPASTE (SPECIFY SIZE),1,1,97.172,96.951,97.172,1.68,0.9,1.33
201703,430515,PACKET OF ENVELOPES,1,1,100.833,101.221,100.833,0.52,0.44,0.39
201703,211024,CONTINENTAL SLICED DELI MEAT,1,1,100.092,101.051,100.092,1,0.42,0.8
201703,510132,MEN'S T-SHIRT SHORT SLEEVED,2,1,112.566,106.662,106.662,0.55,0.48,0.44
201703,510104,MENS JACKET/COAT,2,1,102.781,98.079,98.079,1.1,0.64,0.88
201703,210403,HOME KILLED BEEF-LEAN MINCE KG,1,1,100.901,100.698,100.901,0.8,1.32,0.64
201703,510402,MEN'S PANTS/BOXER SHORTS,2,1,101.963,101.386,101.386,0.55,0.45,0.44
201703,430139,KITCH WALL UNIT WIDTH 800-1000,2,1,104.482,102.756,102.756,1.44,2.34,1.2
201703,430509,HOUSEHOLD CLEANER CREAM/LIQUID,1,1,96.284,97.658,96.284,1.05,1.1,0.84
201703,520226,SHAMPOO-250-400ML,1,1,100.647,101.652,100.647,0.72,0.3,0.57
201703,640229,GOLF GREEN FEES,1,0,100,100,100,0.5,0.48,0.4
201703,220310,POTATO CRISPS-INDIVIDUAL PACK,1,1,100.656,100.705,100.656,0.88,0.96,0.7
201703,620303,SELF-DRIVE VAN HIRE,2,1,99.188,98.847,98.847,1.68,0.17,1.32
201703,510405,WOMEN'S NIGHTDRESS/PYJAMAS,2,1,99.722,95.962,95.962,1.1,0.45,0.88
201703,212211,CHOCOLATE 4,1,1,99.379,99.185,99.379,1.17,1.65,0.9
201703,212603,"BAKED BEANS, 400-420G TIN",1,1,114.446,111.898,114.446,0.39,0.54,0.3
201703,430529,BLEACH 750ML,1,1,101.912,103.44,101.912,1.05,1.1,0.84
201703,440239,UK UNIVERSITY TUITION FEES,2,0,100,100,100,9.9,4.62,7.65
201703,220210,SECONDARY SCHOOL- CAFETERIA,1,1,100,100,100,0.96,0.6,0.84
201703,520227,PAIN KILLER TABLETS-16-24 PACK,1,1,98.194,98.035,98.194,1.26,0.45,1.08
201703,520306,PRIVATE HEALTH CARE 2,1,0,100,100,100,0.42,0.7,0.42
201703,211211,FROZEN BREAD/BAT FISH 400-550G,1,1,104.068,103.871,104.068,0.16,0.18,0.12
201703,520331,BASIC MANICURE,2,1,100.542,100.475,100.475,0.8,0.7,0.6
201703,440230,UNI (INTL STUDENT) TUITION,1,0,100,100,100,3.74,0,2.89
201703,310219,STOUT - 4 CAN PACK,1,1,99.065,99.13,99.065,0.15,0.1,0.12
201703,430625,WILD BIRD SEED PACK 500G-2KG,1,1,97.916,99.637,97.916,0.24,0.24,0.21
201703,630353,CHILD'S TRIKE FOR UNDER 5'S,2,1,102.349,101.84,101.84,0.63,0.18,0.48
201703,410509,ELECTRICIAN-DAYTIME RATE/HOUR,2,1,100.198,100.181,100.181,0.22,1.98,0.22
201703,610113,NEW CARS,1,0,100.699,100.699,100.699,27,18.4,21
201703,310215,LAGER 4 BOTTLES- PREMIUM,1,1,101.948,101.996,101.948,2,1.6,1.6
201703,630224,INTERNET DVDS,1,0,90.011,88.815,88.815,0.56,0.26,0.56
201703,510206,WOMENS BLOUSE/SHIRT 1,2,1,121.212,111.368,111.368,0.55,0.45,0.44
201703,630426,BOOK-NON-FICTION-PAPER-BACK,1,2,95.07,95.091,95.07,0.75,0.48,0.75
201703,220107,PUB -HOT MEAL,1,1,101.394,101.527,101.394,5.28,4.93,4.2
201703,410611,DOOR HANDLE-PACK FOR ONE DOOR,2,1,100.71,100.306,100.306,1.65,0.96,1.32
201703,211101,FRESH WHITE FISH FILLETS KG,1,1,103.309,103.699,103.309,0.56,0.58,0.42
201703,520318,SLIMMING CLUBS,1,0,100,100,100,1.2,1.12,0.9
201703,630146,BLU-RAY PLAYER,2,1,104.803,104.413,104.413,0.08,0.06,0.06
201703,510516,MEN'S TRAINING SHOE-SPORTSWEAR,2,1,102.288,101.459,101.459,1.1,1.04,0.9
201703,430358,ELECTRIC HEATER -SEASONAL,2,1,93.08,91.998,91.998,0.77,0.3,0.66
201703,212217,CHEWING/BUBBLE GUM-SINGLE PK,1,1,102.091,102.224,102.091,0.13,0.33,0.1
201703,410405,SCOTTISH SEWERAGE CHARGE,1,0,100,100,100,0.6,0.65,0.5
201703,430619,COMPLETE DRY DOG FOOD 1-3KG,1,1,110.747,109.363,110.747,1.04,1.12,0.91
201703,212520,FRESH VEG-MUSHROOMS-PER KG,1,1,100.076,100.144,100.076,0.52,0.54,0.4
201703,410107,UNIVERSITY ACCOMODATION FEES,1,0,100,100,100,3,0,2.4
201703,520130,SOLID GOLD RING 9CT,2,1,103.023,102.695,102.695,0.9,0.27,0.7
201703,212008,LEMONADE-2 LITRE BOTTLE,1,1,104.299,106.169,104.299,0.18,0.16,0.14
201703,640217,ATTRACTIONS,1,0,100,100,100,0.3,0.32,0.24
201703,220322,BURGER IN BUN- TAKEAWAY,1,1,100.389,100.428,100.389,1.76,1.28,1.4
201703,630340,CARBON FIBRE FISHING ROD,2,2,101.146,100.987,100.987,0.39,0.27,0.39
201703,210216,HOT OAT CEREAL,1,1,99.944,101.363,99.944,0.15,0.12,0.12
201703,212016,FRESH/CHILL ORANGE JUICE 900ML,1,1,97.819,97.826,97.819,1.26,1.04,0.98
201703,610308,ULTRA LOW SULPHUR PETROL RPI,1,0,101.546,101.546,101.546,0,23.31,0
201703,430136,PATIO TABLE & CHAIRS-SEASONAL,2,1,107.82,107.82,107.82,0.36,0.78,0.3
201703,210911,FRESH TURKEY STEAKS PER KG,1,1,100.597,100.597,100.597,0.2,0.27,0.16
201703,210211,CORN SNACK SINGLE PACKET,1,1,102.839,102.412,102.839,0.9,0.48,0.72
201703,210214,BREAKFAST CEREAL 2,1,1,101.382,100.599,101.382,1.5,0.75,1.2
201703,630369,CHARCOAL BBQ NOT DISPOSABLE,2,1,105.835,105.349,105.349,0.15,0.09,0.15
201703,210301,CREAM CRACKERS PACK 200G-300G,1,1,103.614,107.383,103.614,0.6,0.6,0.48
201703,610237,CAR BULB 12 VOLT SPECIFY WATTS,2,1,100.969,100.865,100.865,1,0.64,0.8
201703,440252,MONEY TRANSFERS,1,0,100,100,100,0.56,0.22,0.44
201703,520237,HAIR GEL 150-200ML,1,1,102.238,102.053,102.238,0.48,0.3,0.38
201703,520216,DEODORANT/ANTI PERSPI 50-250ML,1,1,99.214,99.099,99.214,1.2,0.6,0.95
201703,210414,FROZEN BEEFBURGERS PACK OF 4,1,1,100.233,100.176,100.233,0.4,0.44,0.32
201703,510233,WOMEN'S CARDIGAN,2,1,110.285,104.334,104.334,1.65,1.05,1.32
201703,620319,CYCLE HELMET 12+ SPEC ROAD/MOU,2,1,101.233,100.932,100.932,0.45,0.17,0.36
201703,310420,WHITE WINE- NEW WORLD 75CL,1,1,96.618,96.025,96.618,1.98,2.1,1.54
201703,640221,FOOTBALL ADMISSION (GB),1,0,100,100,100,0.7,0.64,0.56
201703,520215,MOISTURISER FACIAL 50-150ML,2,1,103.558,100.121,100.121,0.96,0.6,0.76
201703,640224,TEN-PIN BOWLING PER GAME,1,2,100.596,100.561,100.596,0.5,0.48,0.4
201703,520313,NON-NHS MEDICINE-PHYSIOTHERAPY,2,1,100.264,100.213,100.213,1.5,0.42,1.5
201703,520132,WALL HANGING MIRROR UPTO 1.5M,2,2,106.338,105.108,105.108,0.54,0.63,0.45
201703,410619,SOFTWOOD-1.6M-2.4M LENGTH,1,1,99.517,99.549,99.517,0.13,0.48,0.13
201703,410633,MDF,1,1,101.117,100.972,101.117,0.12,0.48,0.12
201703,212930,MAYONNAISE 390-500G/420-540MLS,1,1,96.092,96.623,96.092,0.39,0.77,0.26
201703,310114,CIDER 4.5%-5.5% ABV PINT/BOTTL,1,1,100.461,100.431,100.461,2.64,2.47,2.1
201703,440241,STOCKBROKER COMMISSION FEE,1,0,100.146,100.146,100.146,2.38,0,1.87
201703,210910,FRESH BONELESS CHICKEN BREAST,1,1,101.988,101.83,101.988,1.4,1.47,1.12
201703,211030,MEAT BASED SNACK PACK MAX 400G,1,1,102.517,102.653,102.517,0.6,0.48,0.48
201703,520202,INDIGESTION TABLETS 16-24 PACK,1,1,99.978,99.872,99.978,0.91,0.3,0.78
201703,510106,MENS JEANS,2,1,101.489,100.65,100.65,1.1,0.64,0.88
201703,630129,LAPTOP COMPUTERS,2,0,105.457,104.885,104.885,1.75,1.08,1.25
201703,640307,FOREIGN HOLIDAYS-CRUISES,2,0,99.598,99.554,99.554,2.8,3.6,2.24
201703,510348,BOYS T-SHIRT 3-13 YEARS,2,1,111.021,106.794,106.794,1.1,0.55,0.88
201703,630154,DIGITAL TV RECORDER/RECEIVER,2,1,103.635,103.246,103.246,0.08,0.06,0.06
201703,310301,WHISKY (PER NIP) SPECIFY ML,1,1,101.289,101.27,101.289,1.76,2.85,1.4
201703,310104,DRAUGHT STOUT PER PINT,1,1,100.752,100.661,100.752,0.88,1.14,0.7
201703,510515,MEN'S SHOE CASUAL STYLE,2,1,103.177,101.934,101.934,0.44,0.48,0.36
201703,212023,COLA/FIZZY DRINK 330ML PK 4-8,1,1,96.552,96.861,96.552,0.36,0.32,0.28
201703,510529,WOMANS BOOTS,2,1,101.656,97.449,97.449,0.88,0.48,0.72
201703,520219,"DISP NAPPIES, SPEC TYPE, 20-60",1,1,102.859,102.723,102.859,0.96,0.6,0.76
201703,520321,PRIVATE HEALTH CARE 3,1,0,100,100,100,1.84,0,1.38
201703,630437,BOOK - TEENAGE FICTION,2,2,101.258,101.062,101.062,0.27,0.24,0.27
201703,212011,COLA FLAVD DRINK 1.75-2 LT BTL,1,1,96.554,96.634,96.554,1.53,1.2,1.19
201703,620106,EURO TUNNEL FARES,1,0,109.839,109.839,109.839,0.56,0.24,0.44
201703,510252,WOMEN'S CASUAL TROUSERS 2,2,1,119.753,111.641,111.641,1.1,0.6,0.88
201703,510347,GIRLS JACKET (5-13 YEARS),2,1,94.797,91.057,91.057,1.1,0.5,0.88
201703,430538,DISHWASHER TABLETS PACK 16-45,1,1,100.034,99.691,100.034,0.4,0.44,0.32
201703,310426,RED OR WHITE SPARKLING WINE,1,1,95.955,96.087,95.955,0.81,0.84,0.63
201703,520243,LIQUID FOUNDATION SPECIFY SIZE,2,1,99.667,99.261,99.261,0.96,0.6,0.76
201703,610228,ROADSIDE RECOVERY SERVICE,1,0,99.025,99.025,99.025,1.75,0.8,1.4
201703,212106,JAR OF JAM-340-454G,1,1,101.577,101.21,101.577,0.65,0.52,0.5
201703,212905,VEGETABLE PICKLE 280-520G,1,1,100.266,100.178,100.266,0.13,0.11,0.1
201703,510223,WOMEN'S LONG SLV TOP-NT BLOUSE,2,1,121.075,110.354,110.354,1.1,0.6,0.88
201703,212928,FROZ VEG BURGER/GRILL 200-454G,1,1,97.971,98.113,97.971,0.39,0.55,0.3
201703,510256,WOMEN'S SHOWERPROOF JACKET,2,1,105.453,101.506,101.506,1.1,0.75,0.88
201703,430420,CROCKERY SET;SPECIFY CONTENTS,2,1,108.04,106.57,106.57,0.54,0.36,0.36
201703,310307,LIQUEUR PER NIP   SPECIFY ML,1,1,101.103,101.062,101.103,1.76,2.66,1.4
201703,210102,LARGE LOAF-WHITE-UNSLICED-800G,1,1,97.846,97.862,97.846,0.3,0.44,0.24
201703,211014,SAUSAGES-PORK-PER KG,1,1,99.936,99.703,99.936,1.8,0.84,1.44
201703,440409,BUNDLED TELECOMS SERVICES,1,0,101.98,101.98,101.98,10.8,12.48,9
201703,440123,HOME REMOVAL- 1 VAN,2,1,99.797,99.765,99.765,2.4,0.3,2
201703,212219,CHOCOLATE 8,1,1,101.152,101.054,101.152,0.52,0.77,0.4
201703,212720,STRAWBERRIES PER KG OR PUNNET,1,1,89.844,88.427,89.844,0.99,0.98,0.77
201703,213003,COFFEE-INSTANT-100G JAR,1,1,109.697,108.624,109.697,1.17,1.24,1.17
201703,640308,FOREIGN HOLIDAYS-CITY BREAKS,2,0,101.1,100.883,100.883,1.4,2,1.12
201703,210703,HOME KILLED PORK-LOIN CHOPS KG,1,1,100.534,100.516,100.534,1,1,0.8
201703,212101,SUGAR -GRANULATED-WHITE-PER KG,1,1,101.824,102.324,101.824,0.78,0.32,0.6
201703,310309,SPIRIT BASED DRINK 275ML,1,1,101.071,101.055,101.071,0.88,0.38,0.7
201703,640230,HORSERACING ADMISSIONS,1,0,101.767,101.767,101.767,0.7,0.64,0.56
201703,510324,TROUSERS  FOR SCHOOL 5-13 YRS,2,1,101.392,100.073,100.073,1.1,0.55,0.88
201703,520230,CONDOMS PACK OF 3-14,2,1,102.438,102.059,102.059,0.6,0.6,0.48
201703,211007,CANNED MEAT-STEWED STEAK,1,1,101.638,102.02,101.638,0.2,0.18,0.16
201703,310222,CIDER FLAVOURED BOTT 500-568ML,1,1,100.384,100.391,100.384,0.45,0.5,0.35
201703,520222,MULTI-VITAMINS CAPSULES/TABLET,1,1,101.48,102.404,101.48,0.91,0.3,0.78
201703,640405,UK HOLIDAYS-EXCL SELF CATERING,2,0,100.533,100.411,100.411,3.15,5.28,2.52
201703,430307,ELECTRIC KETTLE - 1.5-1.7L,2,1,106.824,106.108,106.108,0.56,0.66,0.48
201703,212022,MIXER DRINK BOTTLE 1L EG TONIC,1,1,101.323,100.166,101.323,0.36,0.32,0.28
201703,440405,DIRECTORY ENQUIRIES,1,0,100,100,100,0.24,0.26,0.2
201703,410105,LOCAL AUTH RENT - SCOTLAND,1,0,100,100,100,1.42,1.68,1.12
201703,640306,FOREIGN HOLIDAYS-HOTELS,2,0,100.713,100.666,100.666,11.2,14,8.96
201703,220116,LEMONADE/COLA DRAUGHT,1,1,100.462,100.444,100.462,0.88,1.16,0.7
201703,212716,APPLES-COOKING-PER KG,1,1,100.008,99.979,100.008,0.18,0.21,0.14
201703,520234,PERFUME/EUD DE TOILETTE,2,1,99.842,99.574,99.574,0.96,0.6,0.76
201703,211603,EGGS-LARGE-PER DOZ OR 2 X 6,1,1,100.063,100.038,100.063,0.6,0.54,0.45
201703,630372,COMPUTER GAME DOWNLOADS,1,0,102.116,101.219,101.219,1.05,0.18,0.8
201703,410518,CARPENTER HOURLY RATE,2,1,100.139,100.121,100.121,0.21,1.98,0.21
201703,440122,HOME DELIVERY CHARGES,2,0,100,100,100,0.72,0.15,0.6
201703,212936,CHILLED READY MEAL-MEAT-SERVS1,1,1,102.059,102.268,102.059,0.48,1.54,0.32
201703,440101,DOMESTIC CLEANER HOURLY RATE,2,1,100.291,100.267,100.267,1.76,2.1,1.32
201703,210213,BREAKFAST CEREAL 1,1,1,98.439,98.341,98.439,0.9,0.45,0.72
201703,630138,DIGITAL RADIO (DAB),2,1,103.987,103.552,103.552,0.16,0.06,0.12
201703,520250,NAIL VARNISH BOTTLE 6-12mls,2,1,99.187,98.838,98.838,0.96,0.6,0.76
201703,610307,ULTRA LOW SULPHUR DIESEL RPI,1,0,101.207,101.207,101.207,0,13.32,0
201703,510258,WOMENS LEGGINGS FULL LENGTH,2,1,105.678,102.429,102.429,0.55,0.45,0.44
201703,212360,POTATOES-OLD WHITE PER KG,1,0,99.49,99.549,99.49,0.78,0.65,0.6
201703,620310,AIR FARES,1,0,101.84,101.84,101.84,5,10.54,4
201703,630357,SQUASH/TENNIS RACQUET,2,1,100.239,99.883,99.883,0.42,0.27,0.42
201703,210913,ROTISSERIE CHICKEN [WHOLE],1,1,100.738,100.763,100.738,0.2,0.15,0.16
201703,630313,MODEL RD VEHICLE EG HOT WHEELS,1,1,99.977,101.073,99.977,1.26,0.45,0.96
201703,440248,DIFFERENT ATM CHARGES,1,2,100,100,100,0.42,0.22,0.33
201703,440256,MORTGAGE ARRANGEMENT FEES,1,0,98.174,98.174,98.174,1.54,0.22,1.21
201703,440246,PET INSURANCE,2,0,100,100,100,0.48,0.88,0.48
201703,520244,TOOTHBRUSH,1,1,99.07,100.765,99.07,0.96,0.45,0.76
201703,640404,UK HOLIDAYS SELF CATERING,2,0,100.631,100.606,100.606,2.84,3.74,2.24
201703,410638,WOODSCREWS STEEL/ZIN PLATED PK,1,1,98.549,95.689,98.549,0.2,0.42,0.16
201703,410703,GROUND RENT,1,0,100.722,100.722,100.722,0,2.16,0
201703,440229,BIRTHS DEATHS AND MARRIAGES,1,0,100,100,100,0.12,0.22,0.1
201703,212532,FRESH VEG-PEPPERS -LOOSE OR KG,1,1,106.401,107.091,106.401,0.39,0.36,0.3
201703,212214,FRUIT PASTILLES 2,1,1,99.3,99.351,99.3,0.65,0.99,0.5
201703,510508,GIRL'S SHOES SCHOOL,2,1,105.15,103.155,103.155,0.44,0.4,0.36
201703,510407,"BRA, CUP SIZE A-D RANGE",2,1,101.914,100.823,100.823,1.1,0.45,0.88
201703,520238,SHOWER GEL 150-250ML,1,1,97.438,97.59,97.438,0.72,0.3,0.57
201703,220208,STAFF RESTAURNT HOT SNACK ITEM,1,1,101.38,101.03,101.38,1.44,0.45,1.26
201703,630151,"FLAT PANEL TV 33"" +",2,1,103.943,103.509,103.509,1.12,0.84,0.84
201703,630342,BEGINNER'S ACOUSTIC GUITAR,2,2,101.721,101.617,101.617,1.05,0.36,0.91
201703,212715,GRAPEFRUIT-EACH,1,1,103.559,104.014,103.559,0.27,0.21,0.21
201703,640238,ADMISSION TO CULTURAL EVENT,1,0,100,100,100,1.76,0.64,1.44
201703,430530,BLACK INKJET CARTRIDGE,2,1,102.512,101.999,101.999,0.68,0.44,0.51
201703,610238,CAR WASH HAND OR AUTOMATIC,2,1,100.119,100.116,100.116,1.5,0.64,1.2
201703,520134,LUGGAGE TROLLEY CASE - 60-70CM,2,1,112.584,109.4,109.4,1.6,0.72,1.28
201703,640236,LIVE MUSIC,1,0,98.868,98.868,98.868,2.42,1.12,1.98
201703,640240,LIVERY CHARGES PER WEEK,2,1,100.36,100.337,100.337,1.65,0.32,1.43
201703,610204,"CAR TYRE, STATE SIZE",2,1,100.298,100.119,100.119,0.85,0.8,0.68
201703,211026,CHICKEN KIEV 2 PACK 240-310G,1,1,100.482,100.601,100.482,0.4,0.48,0.32
201703,430137,LEATHER SETTEE,2,1,111.526,108.414,108.414,2.52,3.64,2.1
201703,640242,GAMES CONSOLES ONLINE SUB SERV,1,0,100,100,100,0.3,0.32,0.24
201703,320206,HAND ROLLING TOBACCO 20-30GM,1,1,102.465,102.511,102.465,2.53,3.72,1.98
201703,630434,BOOK ILLUSTRATED FOR UNDER 5,1,2,100.154,100.822,100.154,0.27,0.24,0.27
201703,630122,PC PERIPHERALS,1,0,102.421,100.618,100.618,2.24,1.14,1.6
201703,310423,BOTTLE OF CHAMPAGNE 75 CL,1,1,100.207,100.552,100.207,0.36,0.42,0.28
201703,212923,COOK-IN SAUCE-JAR/CAN 350-520G,1,1,100.378,100.787,100.378,0.57,1.1,0.38
201703,510127,MENS OFFICIAL FOOTBALL SHIRT,2,1,100.836,97.025,97.025,0.55,0.32,0.44
201703,520236,WOMENS HAIR COLOURANT 60-140ML,1,1,99.664,99.631,99.664,0.48,0.3,0.38
201703,520207,NHS PRESCRIPTION CHARGES,1,0,100,100,100,1.26,0.45,1.08
201703,630436,PROVINCIAL NEWSPAPERS,1,0,100.271,100.271,100.271,0.8,0.78,0.6
201703,630332,CHILD'S SOFT TOY/TEDDY BEAR,2,1,102.301,101.106,101.106,1.26,0.36,0.96
201703,212223,BRAND CHOC SWEETS 100-185G BAG,1,1,89.586,88.026,89.586,1.04,0.88,0.8
201703,630341,PRESCHOOL ACTIVITY TOY,2,1,95.651,94.723,94.723,2.31,0.72,1.76
201703,510249,WOMEN'S JEANS- BRANDED,2,1,111.062,106.766,106.766,0.55,0.45,0.44
201703,510507,BOY'S SHOES,2,1,101.911,101.575,101.575,0.44,0.4,0.36
201703,430317,ELECTRIC IRON,2,1,102.984,99.045,99.045,0.21,0.3,0.18
201703,212938,CHOCOLATE COVERED ICE CREAM,1,1,95.57,95.372,95.57,0.91,0.33,0.7
201703,210606,FRZEN IMP LAMB: LEG (PER KG),1,1,110.286,110.359,110.286,0.8,1,0.64
201703,410403,SCOTLAND WATER CHARGES,1,0,100,100,100,0.5,0.65,0.4
201703,211901,TEA BAGS PKT OF 80 (230G-250G),1,1,98.257,98.414,98.257,0.81,0.77,0.81
201703,430533,KITCHEN ROLL PK OF 2-4 SPECIFY,1,1,100.363,100.322,100.363,0.3,0.55,0.24
201703,620314,BOATS,2,0,100,100,100,3.3,0.34,2.86
201703,220319,CHINESE TAKEAWAY,1,1,100.203,100.239,100.203,1.76,1.44,1.4
201703,520305,PRIVATE HEALTH CARE 1,1,0,100,100,100,0.6,0.98,0.6
201703,630156,HEADPHONES SPECIFY TYPE,2,1,102.411,101.632,101.632,0.2,0.24,0.15
201703,630374,CHILDS SCOOTER AGE 5-12 YEARS,2,1,105.721,104.287,104.287,0.63,0.18,0.48
201703,220120,IN STORE CAFETERIA MEAL,1,1,99.891,99.836,99.891,3.52,3.77,2.8
201703,510410,CHILDS PYJAMAS 18MTHS-13YEARS,2,1,109.922,106.387,106.387,0.55,0.25,0.44
201703,640241,MUSIC STREAMING SUBSCRIPTIONS,1,0,100,100,100,0.44,0.32,0.36
201703,210912,FROZEN CHICKEN BREASTS,1,1,97.604,98.512,97.604,0.6,0.57,0.48
201703,410801,HOUSE DEPRECIATION,1,0,100.722,100.722,100.722,0,84,0
201703,220211,STAFF RESTAURANT FIZZY DRINK,1,1,99.907,99.753,99.907,1.44,0.45,1.26
201703,410517,DECORATOR-DAILY RATE;SPEC HRS,2,1,99.923,99.908,99.908,0.22,1.98,0.22
201703,640239,SOCIAL SUBSCRIPTIONS,1,0,102.386,102.386,102.386,1.76,0.96,1.44
201703,630510,POTTING COMPOST,1,1,100.144,100.651,100.144,0.4,0.42,0.32
201703,610303,OIL PER LITRE-MULTIGRADE,1,1,100.764,100.838,100.764,0.33,0.37,0.26
201703,630512,SEED PACK. SPEC VAR SEASONAL,1,1,99.475,99.579,99.475,0.35,0.3,0.28
201703,440402,MOBILE PHONE CHARGES,1,0,99.73,99.73,99.73,8.88,9.88,7.4
201703,630336,FOOTBALL,2,1,102.201,101.081,101.081,0.54,0.36,0.54
201703,430621,ANNUAL BOOSTER INJECTION,1,2,100.54,100.541,100.54,1.76,1.04,1.54
201703,610231,CAR SERVICE- LOCAL GARAGE,2,1,100.009,99.999,99.999,2,0.96,1.6
201703,520303,WOMEN'S HRDRESSING-CUT/BLOWDRY,2,1,100.664,100.628,100.628,2.24,1.82,1.68
201703,310428,CREAM LIQUER 70CL-1LT 15-20%,1,1,91.102,91.184,91.102,0.12,0.14,0.1
201703,630230,CD ALBUM (TOP 40),1,2,119.959,120.679,119.959,0.28,0.14,0.28
201703,510429,KNITTING WOOL-DOUBLE KNIT-100G,1,1,100.926,100.868,100.926,1.65,0.35,1.32
201703,212933,ICE CREAM 500ML-1L,1,1,105.061,107.211,105.061,0.91,0.44,0.7
201703,211707,DELVD MILK SEMI-SKIMMED PER PT,1,0,100,100,100,0.24,0.18,0.18
201703,510255,WOMEN'S SWIMWEAR,2,1,104.985,103.779,103.779,0.55,0.15,0.44
201703,440132,MEN'S CLOTHING HIRE- SEE HELP,2,1,101.257,101.151,101.151,0.17,0.15,0.17
201703,430535,SHEET OF WRAPPING PAPER,1,1,101.155,100.643,101.155,0.52,0.44,0.39
201703,630367,DIGITAL CAMCORDER,2,2,99.159,98.519,98.519,0.58,0.18,0.58
201703,620308,MINICAB FARE FOR 2 MILES,1,2,100.74,101.019,100.74,1.8,1.19,1.5
201703,510108,MEN'S JUMPER-KNITTED,2,1,105.757,101.333,101.333,0.55,0.4,0.44
201703,410201,MORTGAGE INTEREST PAYMENTS,1,0,99.777,99.777,99.777,0,25,0
201703,620318,ADULT BIKE,2,1,104.71,104.25,104.25,1.02,0.51,0.68
201703,310310,"WINE, PER 175 - 250 ML SERVING",1,1,100.774,100.927,100.774,3.52,3.8,2.8
201703,211602,EGGS-MEDIUM-PER DOZ OR 2 X 6,1,1,100.358,100.329,100.358,0.6,0.46,0.45
201703,210506,HK LAMB LOIN CHOP/STEAK PER KG,1,1,101.207,101.183,101.207,0.2,0.35,0.16
201703,212399,POTATOES-NEW-LOOSE-PER KG,1,0,98.141,98.177,98.141,0.13,0.17,0.1
201703,310111,BOTTLED PREMIUM LAGER 4.3-7.5%,1,1,100.857,100.843,100.857,1.76,1.52,1.4
201703,620101,LONDON TRANSPORT RAIL FARES,1,0,100,100,100,3.22,1.2,2.53
201703,430613,DOG FOOD-CAN-385-400GM,1,1,100.925,100.908,100.925,0.96,1.12,0.84
201703,520141,MOBILE PHONE ACCESSORY,2,1,101.652,100.555,100.555,0.24,0.45,0.2
201703,440120,CHILD MINDER - HOURLY RATE,1,1,100.681,100.622,100.681,4.8,2.55,3.9
201703,410631,SHOWER HEAD,2,1,98.761,98.404,98.404,0.22,0.96,0.22
201703,310221,APPLE CIDER 4 CAN PACK 440ML,1,1,102.446,102.696,102.446,0.54,0.55,0.42
201703,212019,PURE FRUIT SMOOTHIE 750ML-1LTR,1,1,96.246,96.154,96.246,0.18,0.16,0.14
201703,430362,FRIDGE/FREEZER SPEC CAPACITIES,2,1,104.171,103.726,103.726,0.98,0.6,0.84
201703,211710,MILK SEMI-PER 2 PINTS/1.136 L,1,1,100.174,100.154,100.174,2.88,2.01,2.16
201703,510237,WOMEN'S SKIRT: CASUAL,2,1,122.502,109.419,109.419,0.55,0.3,0.44
201703,440127,MONTHLY SELF STORAGE FEE,2,1,99.686,99.273,99.273,1.44,0.3,1.2
201703,410402,ENGLAND & WALES WATER CHARGES,2,0,100,100,100,4.5,5.59,3.6
201703,212510,FRESH VEG-CUCUMBER-WHOLE,1,1,112.14,111.769,112.14,0.26,0.3,0.2
201703,610112,MOTORCYCLES,1,0,100.813,100.71,100.71,0.99,0.92,0.66
201703,212917,TOMATO KETCHUP,1,1,100.785,100.208,100.785,0.48,0.88,0.32
201703,310406,FORTIFIED WINE  (70-75CL),1,1,102.454,102.272,102.454,0.36,0.42,0.28
201703,430622,DOG KENNEL FEES DAILY CHARGE,2,1,100.975,100.925,100.925,1.68,1.04,1.47
201703,630150,"FLAT PANEL TV 23""-32""",2,1,106.728,105.85,105.85,0.96,0.72,0.72
201703,430119,KITCH BASE UNIT WIDTH 800-1000,2,1,105.431,103.517,103.517,1.44,2.34,1.2
201703,430230,CARPET -AXMINSTER(MIN 80% WOOL,2,2,101.69,101.401,101.401,0.92,1.5,0.69
201703,212024,FLAVOURED WATER BOTT 900ML-1.5,1,1,105.731,105.169,105.731,0.27,0.48,0.21
201703,510250,WOMEN'S COAT - SEE HELP SCREEN,2,1,107.536,100.483,100.483,1.1,0.75,0.88
201703,630152,MP4 PLAYER,2,2,96.303,96.12,96.12,0.28,0.12,0.21
201703,520326,PRIVATE DENTAL EXAMINATION,2,1,100.321,100.309,100.309,1.5,1.54,1
201703,211510,PARMESAN CHEESE-PER KG,1,1,100.562,100.888,100.562,0.12,0.15,0.09
201703,510528,CHILD'S TRAINERS-SPORTS,2,1,109.504,106.089,106.089,0.77,0.72,0.63
201703,610240,BRAKE FITTING FAST FIT CENTRE,2,1,101.13,101.064,101.064,2,0.96,1.6
201703,212934,DRIED POTTED SNACK 50-120G,1,1,103.931,105.655,103.931,0.6,1.21,0.48
201703,212710,AVOCADO PEAR-EACH,1,1,104.638,105.175,104.638,0.27,0.28,0.21
201703,640219,SWIMMING POOL ADM STND ADULT,1,2,100.496,100.386,100.496,0.5,0.48,0.4
201703,211305,SPREADABLE BUTTER,1,1,95.45,94.827,95.45,0.42,0.59,0.42
201703,212218,CARTON/BOX OF CHOCS 150-400GM,1,1,78.308,80.234,78.308,1.43,1.32,1.1
201703,520228,PLASTERS-20-40 PACK,1,1,98.2,98.519,98.2,0.65,0.6,0.52
201703,520106,"9CT GOLD CHAIN 18-20""/46-51CM",2,1,102.342,101.92,101.92,1.26,0.36,0.98
201703,410602,READY-MIXED FILLER-INT USE,1,1,101.696,101.462,101.696,0.05,0.18,0.05
201703,440237,UNIT TRUSTS COMM-ONGOING CHG,1,0,100.196,100.196,100.196,1.12,0,0.88
201703,520138,SPECTACLE FRAMES WITH LENSE,2,1,100.392,100.291,100.291,2,1.35,1.6
201703,410639,PAINT GLOSS/EMUL 750ML-2.5LTR,2,1,99.194,98.99,98.99,0.18,0.54,0.18
201703,212608,CANNED SWEETCORN 198-340G,1,1,102.118,102.632,102.118,0.39,0.46,0.3
201703,520135,DIAMOND SOLITAIRE RING,2,1,104.589,102.56,102.56,2.52,0.72,1.96
201703,430108,DOUBLE BED-WIDTH APPROX 135CM,2,1,106.901,105.781,105.781,1.44,2.08,1.2
201703,211106,FROZEN PRAWNS PER KG,1,1,98.884,99.494,98.884,0.72,0.54,0.54
201703,520118,FLOWER VASE,2,2,102.233,100.794,100.794,1.02,0.63,0.68
201703,620304,PUSHCHAIR/STROLLER,2,1,107.233,106.291,106.291,0.55,0.34,0.44
201703,630520,"MOWER ELECTRIC, SPECIFY TYPE",2,1,99.612,98.791,98.791,0.45,0.78,0.36
201703,510122,MEN'S TRACKSUIT/JOGGIN BOTTOMS,2,1,106.901,104.912,104.912,0.55,0.4,0.44
201703,211814,YOGHURT-SMALL INDIVIDUAL,1,1,102.606,103.178,102.606,0.48,0.64,0.36
201703,440226,HOME-BUYERS SURVEY-RSDNTL PPTY,2,2,100.577,100.537,100.537,0,0.22,0
201703,610417,CAR INSURANCE,2,0,106.653,105.377,105.377,3.72,18,2.79
201703,430414,GAS COOKERS-SPECIFY MAKE & MOD,2,2,99.281,98.93,98.93,0.21,0.24,0.18
201703,440232,NURSERY FEES: CHILD 0-4,2,2,100.345,100.312,100.312,1.76,0.88,1.43
201703,212726,PLUMS PER KG/PACK,1,1,99.771,100.551,99.771,0.27,0.28,0.21
201703,430525,CLEAR STICKY TAPE,1,1,100.231,100.165,100.231,0.2,0.44,0.16
201703,520235,SUNSCREEN - SPEC SIZE/SPF,2,1,91.141,90.332,90.332,0.96,0.6,0.76
201703,440227,FUNERAL-CREMATION,2,2,100.828,100.786,100.786,2.52,0.44,2.1
201703,310405,BRANDY-68-70 CL BOTTLE,1,1,99.768,99.947,99.768,0.48,0.42,0.4
201703,620107,RAIL FARES,1,0,100,100,100,9.8,4.38,7.7
201703,410637,CERAMI TILES 15X15-25X50CM BOX,2,1,99.472,98.966,98.966,0.05,0.18,0.05
201703,610310,ULTRA LOW SULPHUR PETROL CPI,1,0,100.496,100.496,100.496,20.79,0,16.38
201703,510530,"WOMEN'S SHOES-FLAT MAX 1"" HEEL",2,1,106.421,103.685,103.685,1.43,0.72,1.17
201703,510259,WOMENS SHORT SLEEVE FORMAL TOP,2,1,128.066,115.558,115.558,1.1,0.6,0.88
201703,630231,CD ALBUM (NOT CHART),1,2,102.584,100.436,102.584,0.12,0.06,0.12
201703,630347,CHILD'S BABY DOLL,2,1,100.27,99.508,99.508,1.26,0.36,0.96
201703,212609,FROZEN GARDEN PEAS 800G-1KG,1,1,101.128,100.848,101.128,0.52,0.58,0.4
201703,640222,EXERCISE CLASS UPTO 1HR,1,2,100.887,100.784,100.887,0.5,0.48,0.4
201703,211010,PORK PIE INDIVIDL APP 3IN/8CM,1,1,99.816,99.882,99.816,0.4,0.3,0.32
201703,310422,RED WINE- NEW WORLD 75CL,1,1,100.203,99.716,100.203,1.53,1.68,1.19
201703,211408,OLIVE OIL - 500ML - 1 LITRE,1,1,101.069,101.581,101.069,0.52,0.48,0.52
201703,620203,COACH FARES,1,0,112.85,112.85,112.85,1.8,0.9,1.5
201703,510212,WOMEN'S JUMPER,2,1,113.385,103.467,103.467,1.1,0.75,0.88
201703,520332,NON NHS CHIROPRACTOR,2,1,100.235,100.211,100.211,1.5,0.42,1.5
201703,510411,CHILDS PANTS 1PR 18MTHS-13YRS,1,1,102.032,101.456,102.032,0.55,0.25,0.44
201703,440112,ELECTRICAL SERVICE CHARGE,2,0,100,100,100,0.5,0.15,0.5
201703,610236,CAR REPAIRS LOCAL GARAGE,2,1,100.648,100.598,100.598,6.75,3.2,5.4
201703,211713,MILK FLAVOURED 330-500MLS/GMS,1,1,113.641,114.913,113.641,0.24,0.18,0.18
201703,520103,LADY'S UMBRELLA -FOLDING,2,1,101.232,100.598,100.598,0.3,0.27,0.24
201703,520140,NECKLACE FASHION APX 16/20 INS,2,1,112.271,106.944,106.944,0.63,0.18,0.49
201703,220124,MUFFIN/INDIVIDUAL CAKE,1,1,100.352,100.416,100.352,2.64,2.61,2.1
201703,440401,TELEPHONE CHARGES,1,0,100,100,100,1.44,1.3,1.2
201703,310216,LAGER 12 - 24 CANS (440-500ML),1,1,105.097,104.61,105.097,1.15,0.9,0.92
201703,211507,EDAM PER KG,1,1,101.178,101.369,101.178,0.12,0.15,0.09
201703,630157,"FLAT PANEL TV 14-22""/35-55CM",2,1,106.124,105.408,105.408,0.24,0.18,0.18
201703,440233,NEWSPAPER AD NON TRADE 20 WORD,2,2,100.47,100.182,100.182,1.2,0.22,1
201703,640125,TV RENTALS,1,0,100,100,100,0.44,0.12,0.36
201703,211019,FROZ CHICKEN NUGGETS 220-600G,1,1,98.273,97.444,98.273,0.6,0.48,0.48
201703,430519,WASHING POWDER - AUTOMATIC,1,1,101.442,101.06,101.442,0.5,0.55,0.4
201703,212527,PRE-PACKED SALAD 100-250G,1,1,100.593,100.712,100.593,0.39,0.42,0.3
201703,640234,CINEMA ADMISSION,2,0,100,100,100,3.08,1.28,2.52
201703,630317,SLEEPING BAG,2,1,102.011,100.685,100.685,0.48,0.27,0.48
201703,520322,PRIVATE HEALTH CARE 4,1,0,100,100,100,1.36,0,1.02
201703,430122,SINGLE BED-WIDTH 90CM/3FT,2,1,106.12,104.036,104.036,1.26,2.08,1.05
201703,630439,BOOK FICTION P/BACK TOP 10,2,2,99.372,99.243,99.243,0.39,0.3,0.39
201703,310110,PREMIUM LAGER - PINT 4.3-7.5%,1,1,101.149,101.186,101.149,3.52,3.42,2.8
201703,210204,DRY SPAGHETTI OR PASTA 500G,1,1,102.499,101.893,102.499,0.15,0.24,0.12
201703,520223,MASCARA,2,1,101.349,101.141,101.141,0.96,0.6,0.76
201703,212006,FRUIT JUICE NOT ORANGE 1L,1,1,102.86,103.427,102.86,0.54,0.48,0.42
201703,440224,DRIVING TEST FEES,1,0,100,100,100,0.28,0.22,0.22
201703,212021,BOTTLE STILL WATER 500ML,1,1,97.383,96.387,97.383,0.18,0.24,0.14
201703,630370,DIGITAL COMPACT CAMERAS,2,0,105.892,105.383,105.383,0.72,0.27,0.72
201703,510416,CHILDS SOCKS 1 PR UK 3-6.5,1,1,99.096,99.756,99.096,0.55,0.25,0.44
201703,630334,INTERNET COMPUTER GAMES,1,0,92.066,89.904,89.904,1.05,0.18,0.8
201703,510124,MENS SHORTS NOT SWIMWEAR,2,1,105.888,105.888,105.888,0.55,0.32,0.44
201703,430321,ELECTRIC RAZOR,2,1,106.574,103.803,103.803,0.48,0.18,0.38
201703,430120,COFFEE TABLE,2,1,112.573,109.57,109.57,0.54,0.78,0.45
201703,210317,FRUIT PIES 4-6 PACK,1,1,90.921,90.634,90.921,0.3,0.36,0.24
201703,640212,THEATRE ADULT EVES-FRONT STLLS,2,1,104.565,98.679,98.679,2.42,1.12,1.98
201703,430423,FRYING PAN 24-30CM,2,1,108.311,106.628,106.628,0.84,0.6,0.56
201703,212808,DRIED FRUIT - EG APRICOTS,1,1,100.121,101.175,100.121,0.36,0.46,0.28
201703,320205,5 CIGARS: SPECIFY BRAND,1,1,102.615,102.566,102.615,0.23,0.28,0.18
201703,440234,BANK OVERDRAFT CHARGES,1,0,100,100,100,2.24,0.22,1.76
201703,440254,HOURLY RATE FOR SOLICITOR,2,1,100.561,100.503,100.503,1.2,0.22,1
201703,310207,BITTER-4CANS-440-500ML,1,1,100.77,100.762,100.77,0.45,0.35,0.36
201703,630226,RECORDABLE CD PRICE PER CD,2,1,101.835,101.503,101.503,0.2,0.06,0.2
201703,510336,GIRLS SKIRT FOR SCHOOL 5-13YRS,2,1,104.387,102.497,102.497,0.55,0.5,0.44
201703,210217,RICE MICRO POUCH/TRAY 220-280G,1,1,108.996,109.819,108.996,0.15,0.09,0.12
201703,210413,HOME KILLED BEEF-TOPSIDE KG,1,1,98.147,98.508,98.147,0.4,0.76,0.32
201703,220209,PRIMARY SCHOOL- FIXED CHARGE,1,1,100,100,100,0.96,0.6,0.84
201703,510341,CHILDS TROUSERS (18MTHS-4YR),2,1,108.939,105.572,105.572,1.1,0.45,0.88
201703,630314,CONSTRUCTION TOY: SPEC KIT NO,2,1,99.793,99.404,99.404,1.26,0.36,0.96
201703,212402,POTATO CRISPS-25G/40G,1,1,103.164,103.296,103.164,0.52,0.33,0.4
201703,430229,FABRIC ROLLER BLIND 120-180CM,2,1,104.384,104.02,104.02,1.19,0.6,1.02
201703,520137,STERLING SILVER EARRINGS,2,1,111.008,108.678,108.678,0.63,0.18,0.49
201703,630524,INTERNET FLOWERS/BOUQUET,1,0,100,100,100,0.3,0.3,0.24
201703,630223,CDS- PURCH OVER INTERNET,1,0,138.116,137.54,137.54,0.32,0.16,0.32
201703,420301,GAS,1,0,100,100,100,14.7,16,11.76
201703,410607,PAINT BRUSH-2INCH/5CM WIDTH,1,1,100.87,101.387,100.87,0.07,0.3,0.07
201703,212515,FRESH VEG-TOMATOES-PER KG,1,1,107.607,108.136,107.607,0.91,0.96,0.7
201703,430624,CAT FOOD POUCH-IND-85G-100G,1,1,101.024,101.395,101.024,1.52,1.76,1.33
201703,212504,FRESH VEG-CAULIFLOWER-EACH,1,1,95.037,94.349,95.037,0.39,0.42,0.3
201703,510254,WOMENS SPORTSWEAR SHORTS,2,1,107.313,103.69,103.69,0.55,0.3,0.44
201703,410614,POWER DRILL-HAMMER ACTION,2,1,108.493,106.651,106.651,0.2,0.36,0.16
201703,210320,WHOLE SPONGE CAKE NOT FROZEN,1,1,101.166,100.685,101.166,0.75,0.84,0.6
201703,610309,ULTRA LOW SULPHUR DIESEL CPI,1,0,100.222,100.222,100.222,11.88,0,9.36
201703,212408,PREMIUM POTATO CRISPS/CHIPS,1,1,89.909,89.342,89.909,0.91,0.54,0.7
201703,510419,MEN'S TIE,2,1,105.101,103.439,103.439,1.25,0.4,1
201703,520249,BABY WIPES 50-85,1,1,98.229,97.523,98.229,0.96,0.6,0.76
201703,212519,FRESH VEG-ONIONS-PER KG,1,1,99.833,99.65,99.833,0.52,0.6,0.4
201703,440255,CREDIT CARD FEES,1,0,100.047,100.047,100.047,2.8,0.22,2.2
201703,212728,PINEAPPLE EACH,1,1,94.7,90.644,94.7,0.27,0.21,0.21
201703,211714,NON-DAIRY MILK DRINK 900ML-1LT,1,1,109.685,109.526,109.685,0.12,0.15,0.09
201703,430104,ARMCHAIR -UPHOLSTERED,2,1,108.129,106.684,106.684,0.72,1.04,0.6
201703,220121,RESTAURANT CUP OF COFFEE,1,1,100.374,100.359,100.374,0.88,1.16,0.7
201703,430134,TABLE LAMP,2,1,104.687,103.603,103.603,0.72,0.78,0.6
201703,630153,TABLET COMPUTERS,2,0,102.754,102.572,102.572,1.47,0.84,1.05
201703,440204,TRADE UNION & PROF ORGS SUBS,1,0,100,100,100,1.08,0.66,0.9
201703,211025,JOINT OV/READ GAM/POR 450-700G,1,1,97.77,97.947,97.77,0.2,0.06,0.16
201703,430527,A4 PRINTER PAPER (500 REAM),1,1,101.26,101.434,101.26,0.56,0.44,0.42
201703,430304,ELECTRIC COOKER,2,1,103.024,102.771,102.771,0.7,0.6,0.6
201703,211511,SOFT CONTINENTAL CHEESE - KG,1,1,100.282,100.536,100.282,0.36,0.27,0.27
201703,410114,IMPUTED RENTS - N.IRELAND,1,0,99.604,99.604,99.604,0,0,5.22
201703,420201,ELECTRICITY,1,0,100.965,100.965,100.965,17,19,13
201703,212225,CHOCOLATE LARGE BAR 100-200G,1,1,99.235,99.472,99.235,1.56,1.32,1.2
201703,630362,COMPUTER GAME TOP 20 CHART,2,2,113.072,107.64,107.64,3.15,0.54,2.4
201703,430536,TOILET ROLLS,1,1,101.928,102.054,101.928,2.64,1.43,2.09
201703,211029,COOKED MEAT TURKEY/CHICK SLICE,1,1,99.629,100.358,99.629,0.4,0.54,0.32
201703,220317,PASTY/SAVOURY PIE - TAKEAWAY,1,1,101.193,101.271,101.193,1.76,1.28,1.4
201703,440408,MOBILE PHONE APPLICATIONS,1,0,125.427,115.726,115.726,0.48,0.78,0.4
201703,430132,MATTRESS- 3FT/90CM,2,1,105.709,103.519,103.519,0.9,1.3,0.75
201703,620205,BUS FARES,1,0,100,100,100,4.2,2.1,3.5
201703,212017,FIZZY BOTTLED DRINK 500ML,1,1,100.045,100.109,100.045,1.53,1.2,1.19
201703,212361,POTATOES- BAKING PER KG,1,0,99.589,99.492,99.589,0.13,0.18,0.1
201703,430206,"CURTAINS READY MADE, SPEC SIZE",2,1,111.76,109.123,109.123,1.19,0.6,1.02
201703,510246,WOMENS SHORT SLEEVE SPORTS TOP,2,1,108.259,106.002,106.002,0.55,0.45,0.44
201703,212020,FRUIT DRINK BOTTLE 4-8 PACK,1,1,88.803,88.506,88.803,0.18,0.16,0.14
201703,440121,CATERING-50 SET MENU PER HEAD,2,1,99.966,99.864,99.864,0.88,0.75,0.7
201703,211904,TEA BAGS-2-PACKET OF 240,1,1,103.663,101.548,103.663,0.24,0.23,0.24
201703,510415,WOMEN'S TIGHTS,2,1,101.567,100.719,100.719,1.1,0.45,0.88
201703,220318,INDIAN TAKEAWAY,1,1,100.562,100.578,100.562,1.76,1.28,1.4
201703,211210,FROZEN FISH FINGERS 8-12 PK,1,1,97.425,98.211,97.425,0.84,0.86,0.63
201703,211815,FRESH DOUBLE CREAM 250ML-300ML,1,1,105.689,105.213,105.689,0.36,0.36,0.27
201703,520311,WOMENS HIGHLIGHTING,2,1,100.626,100.594,100.594,1.36,1.12,1.02
201703,320123,ELECTRONIC CIGARETTE REFILL/LI,1,0,100.274,100.443,100.443,0.23,0.2,0.18
201703,510126,MENS BRANDED T-SHIRT,2,1,113.067,107.818,107.818,1.1,0.48,0.88
201703,520247,LIQUID SOAP 200-300ML,1,1,98.901,98.986,98.901,0.72,0.3,0.57
201703,220301,FISH & CHIPS TAKEAWAY,1,1,100.986,101.025,100.986,1.76,1.28,1.4
201703,212806,PACKET OF PEANUTS 90-200G,1,1,111.486,109.719,111.486,1.08,1.22,0.84
201703,510413,MENS SOCKS 1 PAIR,2,1,101.403,100.432,100.432,0.55,0.45,0.44
201703,510101,MENS SUIT-READY MADE,2,1,107.132,105.329,105.329,1.1,0.8,0.88
201703,630158,HI-FI,2,1,103.275,102.814,102.814,0.8,0.36,0.6
201703,212516,FRESH VEG-CABBAGE-WHOLE-PER KG,1,1,104.618,104.666,104.618,0.26,0.24,0.2
201703,430526,GREETINGS CARD; STATE CODE,1,1,100.45,100.696,100.45,1,0.44,0.75
201703,510406,WOMEN'S PANTS,2,1,104.034,103.041,103.041,1.1,0.45,0.88
201703,630312,CHILD'S PLASTIC DOLL,2,1,100.835,99.412,99.412,1.05,0.36,0.8
201703,440403,CABLE TELEPHONES,1,0,100,100,100,0.72,0.52,0.6
201703,510517,WOMEN'S TRAINING SHOES,2,1,102.007,101.116,101.116,1.1,0.56,0.9
201703,430233,CARPET TUFTED 100% MANMADE FIB,2,2,104.286,102.705,102.705,0.92,1.5,0.69
201703,640406,HOTEL 1 NIGHT PRICE,2,1,106.127,104.434,104.434,9.9,1.87,7.92
201703,410113,IMPUTED RENTS - SCOTLAND,1,0,99.872,99.872,99.872,0,0,12.18
201703,440247,BANKER'S DRAFT,1,0,100,100,100,0.56,0.22,0.44
201703,220123,ONBOARD CATERING,1,0,100,100,100,0.88,0.58,0.7
201703,430133,BOOKCASE/FREESTAND SHELV UNIT,2,1,107.286,106.192,106.192,1.08,1.56,0.9
201703,510215,WOMENS BASIC PLAIN T-SHIRT,2,1,114.386,107.697,107.697,1.1,0.75,0.88
201703,620311,SEA FARES,1,0,102.166,102.166,102.166,4,0.34,3
201703,430141,DINING TABLE & 2-6 CHAIRS,2,1,107.515,105.44,105.44,1.08,1.56,0.9
201703,630368,ELECTRONIC EDUCATIONAL TOY,2,1,100.729,100.177,100.177,0.21,0.09,0.16
201703,410111,IMPUTED RENTS - ENGLAND,1,0,100.246,100.246,100.246,0,0,151.38
201703,510248,WOMEN'S JEANS- OWN BRAND,2,1,107.149,105.52,105.52,0.55,0.45,0.44
201703,212732,LEMON EACH,1,1,98.613,98.364,98.613,0.18,0.21,0.14
201703,520213,TISSUES-LARGE SIZE BOX,1,1,99.573,99.633,99.573,1.68,0.9,1.33
201703,212601,CANNED TOMATOES 390-400G,1,1,107.106,107.015,107.106,0.39,0.42,0.3
201703,630343,MEN'S FOOTBALL BOOTS,2,1,105.388,104.082,104.082,0.54,0.36,0.54
201703,211306,BUTTER 250G SPEC COO,1,1,100.374,100.853,100.374,0.3,0.41,0.3
201703,640119,DIGITAL TV MONTHLY SUBS,1,0,100,100,100,3.74,4.92,3.06
201703,430418,PLASTIC FOOD STORAGE CONTAINER,1,1,102.935,108.292,102.935,1.08,0.84,0.72
201703,440118,PC REPAIR,2,1,100.056,99.994,99.994,1,0.3,1
201703,211506,"CHEESE SPREAD, 125g-200g TUB",1,1,100.315,100.419,100.315,0.6,0.6,0.45
201703,310425,ROSE WINE-75CL BOTTLE,1,1,94.641,94.988,94.641,0.63,0.7,0.49
201703,220324,CINEMA POPCORN,1,1,100.457,100.367,100.457,0.88,0.8,0.7
201703,430623,SMALL CAGED MAMMAL,2,1,98.799,98.65,98.65,0.4,0.96,0.35
201703,212404,POTATO CRISPS-MULTI-PACK,1,1,103.855,103.466,103.855,1.56,0.99,1.2
201703,430355,VACUUM CLEANER,2,1,100.544,98.662,98.662,1.05,0.78,0.9
201703,320122,20 FILTER - OTHER BRAND,1,1,102.038,102.015,102.038,4.83,4.8,3.78
201703,630358,PORTABLE DIGITAL STORAGE DEVIC,2,1,107.764,106.172,106.172,0.28,0.18,0.28
201703,520333,NEXT DAY BOUQUET DELIVERY - UK,1,0,100,100,100,0.15,0.14,0.12
201703,510235,WOMEN'S TROUSERS-CASUAL,2,1,114.095,106.236,106.236,1.1,0.6,0.88
201703,410632,HIRE OF DOMES CARPET CLEANER,1,1,98.86,98.782,98.86,0.2,0.18,0.16
201703,430323,PHONE NT MOBILE(SPEC DIG/ANAL),2,1,111.949,106.249,106.249,0.24,0.06,0.2
201703,620105,OTHER UNDERGROUND/METRO FARES,1,0,100,100,100,0.42,0.18,0.33
201703,520242,COLD/FLU DRINK POWDER,1,1,103.027,103.222,103.027,0.91,0.3,0.78
201703,510346,CHILDS JUMPER,2,1,102.868,98.889,98.889,0.55,0.45,0.44
201703,211016,COOKED HAM LOOSE SPECIFY TYPE,1,1,97.47,97.718,97.47,0.8,0.36,0.64
201703,211807,"YOGHURT/FROMAGE 4-6PK, 45-125G",1,1,108.943,108.951,108.943,1.32,1.76,0.99
201703,310403,VODKA-70 CL BOTTLE,1,1,101.662,101.779,101.662,2.04,1.82,1.7
201703,510244,WOMEN'S VEST/STRAPPY TOP,2,1,108.485,99.398,99.398,0.55,0.3,0.44
201703,620307,SELF-DRIVE CAR HIRE BASIC 24HR,2,1,99.931,99.337,99.337,1.82,0.17,1.43
201703,220122,RESTAURANT - SWEET COURSE,1,1,100.659,100.698,100.659,2.64,2.61,2.1
201703,440129,PLAYGROUP FEES - PER SESSION,2,1,101,100.807,100.807,2.56,1.2,2.08
201703,430524,LIGHT BULB,1,1,100.935,100.419,100.935,0.75,0.44,0.6
201703,430507,WASHING UP LIQUID 380-900ML,1,1,100.595,101.83,100.595,0.4,0.44,0.32
201703,212405,FROZEN CHIPS 900G-1KG,1,1,97.37,96.492,97.37,1.17,1.14,0.9
201703,440258,DATING AGENCY FEES,2,0,100,100,100,1.2,0.22,1
201703,610235,CAR REPAIRS MAIN DEALER,2,1,100.297,100.281,100.281,6.75,3.2,5.4
201703,430359,ELECTRIC COOLING FAN -SEASONAL,2,1,101.839,101.839,101.839,0.21,0.3,0.18
201703,520301,MAN'S HAIRCUT,2,1,100.459,100.437,100.437,1.76,1.4,1.32
201703,430224,FITTED BED SHEET,2,1,105.908,104.269,104.269,1.12,0.5,0.96
201703,630371,INTERCHANGEABLE LENS DIGI CAM,2,0,102.371,102.014,102.014,0.7,0.27,0.7
201703,430503,BALL POINT,1,1,101.567,102.583,101.567,0.72,0.44,0.54
201703,510328,BOYS JEANS (5-13 YEARS),2,1,109.635,106.122,106.122,1.1,0.55,0.88
201703,212531,FRESH VEG-COURGETTE-PER KG,1,1,108.681,112.813,108.681,0.39,0.36,0.3
201703,440218,SRVYRS FEES MORTGAGE VALUATION,1,0,100,100,100,1.2,0.22,1
201703,212511,FRESH VEG-LETTUCE-ICEBERG-EACH,1,1,145.719,146.219,145.719,0.26,0.3,0.2
201703,212010,MINERAL WATER STILL 1.5-2L,1,1,99.404,99.382,99.404,0.27,0.48,0.21
201703,440249,HOUSE CONVEYANCING,2,1,100.41,100.392,100.392,0,0.66,0
201703,212727,PEACH/NECTARINE EACH,1,1,123.906,132.824,123.906,0.27,0.28,0.21
201703,212530,FRESH VEG-BROCCOLI-PER KG,1,1,100.062,100.885,100.062,0.26,0.24,0.2
201703,210323,BISCUITS HALF CHOC 300-400G,1,1,100.794,100.316,100.794,0.75,0.78,0.6
201703,440128,HOME CARE ASSISTANT HRLY RATE,2,1,101.324,101.101,101.101,2.4,2.1,1.95
201703,630519,POTTED SHRUB,2,1,102.31,101.611,101.611,1.3,1.2,1.04
201703,212731,MELON EACH EG HONEYDEW,1,1,103.403,104.227,103.403,0.18,0.21,0.14
201703,520328,DENTAL INSURANCE,1,0,100,100,100,0.5,0.84,0.5
201703,310306,BOTTLE OF MIXER 125-200ML,1,1,100.648,100.236,100.648,0.88,0.57,0.7
201703,510113,MENS CASUAL S/SLEEVE TOP,2,1,104.026,99.015,99.015,0.55,0.4,0.44
201703,630422,BOOK-REFERENCE (EG ATLAS/DICT),2,2,102.829,101.044,101.044,0.09,0.06,0.09
201703,210502,HOME KILLED LAMB-SHOULDER KG,1,1,101.362,99.822,101.362,0.4,0.65,0.32
201703,630412,PERIODICALS,1,0,100.05,100.05,100.05,1.32,1.26,0.99
